start	end	text
0	4520	Hace varios últimos años tenemos
4520	8440	Between the
10060	14480	En raíz deANDbijanc
14480	18620	está la
18620	23640	cataria.
23640	26080	S 다양한
26080	28080	en muchos años.
28080	30080	También en los próximos años,
30080	33080	vemos a la visión de los potenciales de crecimiento
33080	35080	en varios sectores,
35080	38080	particularmente en los sectores de consumidores
38080	41080	o el sector FMCG,
41080	43080	incluyendo las industrias de producción de comida
43080	45080	y beverage.
45080	47080	En realidad, vemos el potencial de crecimiento
47080	49080	más grande para nuestras soluciones de encodimiento
49080	52080	y marcando de una perspectiva global.
52080	54080	Con esto en mente,
54080	56080	el mercado de encodimiento y marcando
56080	58080	es de la importancia estratégica más alta
58080	60080	para el livrador
60080	62080	y estamos enfocando todos nuestros esfuerzos
62080	64080	en seguir expandiendo la posición del livrador
64080	67080	y las fuerzas en este área.
67080	69080	En este contexto,
69080	70080	los investimientos significativos
70080	72080	han sido realizados en el pasado
72080	75080	y van a seguir realizando en los próximos años.
75080	77080	Esto envuelve los investimientos
77080	80080	en nuestra presencia global.
80080	84080	Mientras tenemos una subsidiaría en los Estados Unidos since 1974,
84080	86080	hemos establecido un centro de competencia
86080	89080	en China en 2022.
89080	91080	En paralelo,
91080	93080	hemos expandido nuestra red mundial
93080	95080	de compañías de negociación.
95080	97080	Estos grandes pasos fueron acompañados
97080	101080	por más investimientos en salas y marketing.
101080	103080	Estamos seguros de que solo podemos ser
103080	105080	succesivos en nuestra industria
105080	107080	si entendemos a nuestros clientes
107080	109080	los desafíos y los necesarios
109080	111080	en las diferentes aplicaciones mejor
111080	113080	que a nadie más.
113080	115080	Solo podemos darles a nuestros clientes
115080	117080	con el beneficio más alto posible.
117080	119080	Para hacer esto,
119080	121080	es el elemento que vemos
121080	123080	en las aplicaciones específicas
123080	125080	y en los desafíos en detalle.
125080	127080	En términos de una solución comprensiva
127080	129080	para el producto, coden y marcando,
129080	131080	esto también significa
131080	133080	que podemos ofer
133080	135080	alta calidad de ingres
135080	137080	para una gran cantidad de aplicaciones.
137080	139080	Y estamos succesivos en hacer esto
139080	141080	muy suficientemente.
141080	143080	En 2021,
143080	145080	hemos fortalecido
145080	147080	nuestras experiencias
147080	149080	en el área de ingeniería de ingres
149080	150080	por establecer nuestra propia
150080	152080	investigación y desarrollo
152080	155080	laboratorio en el estado de equipamiento de arte.
155080	157080	La expansión de competencia
157080	159080	también ha llevado a la adquisición
159080	161080	de solución de ingres
161080	162080	y la integración
162080	164080	en la organización o grupo.
164080	165080	Desde entonces,
165080	167080	hemos estado empujando
167080	169080	con el desarrollo más alto
169080	171080	de una gran variedad de tipos de ingres
171080	173080	especialmente para las aplicaciones desafíos.
173080	175080	Porque entendemos
175080	177080	que solo podemos lograr
177080	179080	un resultado perfecto
179080	181080	cuando tecnología y ingres
181080	183080	trabajan perfectamente.
183080	185080	Así que,
185080	186080	estamos bien posicionados
186080	187080	para darles el mejor coden
187080	189080	y marcando sistemas disponibles,
189080	190080	siempre considerando
190080	192080	la mejor solución posible
192080	194080	para nuestros clientes.
194080	195080	Y cuando digo
195080	196080	nosotros,
196080	198080	estoy hablando principalmente de vosotros,
198080	199080	nuestros compañeros de trabajo
199080	202080	y experiencias del mundo.
202080	204080	Sin tus pasos y experiencias,
204080	207080	no pudimos lograr esto.
207080	208080	Solo con vosotros
208080	210080	podemos dar máximo beneficio
210080	212080	a nuestros clientes,
212080	214080	distribuir la solución correcta
214080	215080	a los muchos desafíos
215080	218080	que veremos en el futuro.
218080	219080	Y para esto,
219080	221080	me gustaría agradecerles
221080	223080	muy sinceramente
223080	224080	por su apoyo
224080	226080	y tu colaboración
226080	228080	para tu dedicación
228080	229080	y pasión
229080	230080	en tu trabajo de día a día
230080	233080	con nuestros clientes.
233080	235080	Me gustaría agradecerles
235080	236080	a nuestros clientes
236080	237080	que nos han acompañado aquí hoy.
237080	238080	Siempre hemos ayudado
238080	240080	y apoyado a desarrollarnos más
240080	241080	más.
241080	242080	Trabajamos,
242080	244080	ofertamos tus desafíos
244080	246080	y nos permitimos
246080	249080	desarrollar nuevas soluciones.
249080	251080	Por favor, a todos mis colegas,
251080	252080	me gustaría agradecerles
252080	253080	muy mucho
253080	255080	por estas grandes colaboraciones.
255080	257080	Gracias.
271080	273080	Ladies and gentlemen,
273080	274080	como pueden ver,
274080	276080	no tendríamos ni idea
276080	277080	si nos justizamos
277080	278080	y nos congratulamos
278080	279080	a nosotros
279080	281080	en nuestros sucesos.
281080	282080	En cooperación
282080	283080	con nuestros compañeros
283080	285080	y en una coordinación
285080	286080	con los clientes,
286080	287080	nuestros expertos
287080	288080	han intensivamente
288080	289080	explorado
289080	290080	los trens significativos
290080	291080	que forman
291080	292080	el futuro
292080	294080	de la industria de packaging
294080	297080	y la manufacturación de los productos.
297080	298080	Como nos progresamos
298080	299080	durante el XXI.
299080	300080	Centro,
300080	301080	estamos creciendo
301080	302080	un demando más
302080	304080	para las soluciones
304080	305080	de la packaging.
305080	307080	El riesgo de automación
307080	308080	y digitalización
308080	310080	y procesos de producción.
310080	311080	Y el impacto
311080	313080	de las escuelas laborales
313080	315080	en nuestras industrias.
315080	316080	Los manufacturadores
316080	317080	ahora investen
317080	319080	en materiales innovativos
319080	320080	y están enfocando
320080	321080	en reducir
321080	322080	sus colegas
322080	323080	para los precios
323080	324080	para los demandos
324080	326080	evolucionados.
326080	327080	Primero
327080	328080	y foremost,
328080	329080	el tren
329080	330080	contra la sustanibilidad
330080	331080	se ha convertido
331080	334080	en un aspecto indispensable.
334080	335080	Consumores
335080	336080	y empresas
336080	337080	alike
337080	338080	están empujando
338080	340080	para materiales ecofriendos,
340080	341080	packaging
341080	342080	recyclable
342080	344080	y la reducción en el peso.
344080	345080	Este riesgo
345080	346080	se ha convertido
346080	347080	no solo
347080	349080	en conservencias mentales
349080	350080	pero también
350080	351080	por las presiones
351080	352080	regulatorias
352080	353080	y el avance
353080	354080	de los impactos
354080	355080	de nuestras acciones
355080	357080	en el planeta.
357080	358080	Más sobre,
358080	359080	automación
359080	361080	y digitalización
361080	363080	están revolucionando
363080	365080	la landscapes de producción,
365080	367080	operaciones
367080	368080	y el avance de recursos
368080	370080	optimizados.
371080	372080	Advances
372080	373080	en robotics
373080	375080	y inteligencia artificiales
375080	377080	y las cosas internetas
377080	378080	están enviando
378080	379080	a las empresas
379080	380080	para monitorar
380080	381080	y controlar
381080	382080	sus procesos
382080	383080	con una presión
383080	384080	imprescindible
384080	385080	y
385080	386080	creer
386080	387080	la eficiencia
387080	388080	y reducir
388080	390080	los costos de producción.
391080	392080	Estas tecnologías
392080	393080	también se mitigan
393080	394080	los efectos
394080	396080	de la escuelta laboral
396080	398080	de automación
398080	399080	de tareas complexas
399080	400080	y traer
400080	401080	nuevos trabajadores
401080	403080	a un precio más rápido.
404080	405080	La escuelta laboral
405080	406080	de la escuelta
406080	407080	se ha convertido
407080	408080	en un issue
408080	409080	crítico
409080	410080	en el packaging
410080	411080	y en los sectores de manufactura
411080	412080	con un impacto
412080	413080	significativo
413080	414080	en ambos
414080	415080	cruces
415080	416080	y innovaciones.
417080	418080	Estas empresas
418080	419080	están creviendo
419080	420080	con una fuerza de trabajo
420080	421080	y un poco
421080	422080	de talento
422080	424080	entrando en la industria.
425080	426080	Esta escuelta
426080	428080	se ha accesorizado
428080	429080	por el precio rápido
429080	431080	de los avances tecnológicos
431080	432080	requeriendo
432080	433080	trabajadores
433080	434080	para procesar
434080	436080	una escuelta laboral
436080	437080	que incluye
437080	438080	tanto
438080	439080	la creación tradicional
439080	440080	y
440080	442080	la proficiencia digital.
444080	445080	La escuelta laboral
445080	446080	se ha convertido
446080	447080	en esta fuerza
447080	448080	y no solo en el que
448080	449080	sus clientes
449080	450080	se adaptan
450080	451080	y rechazan
451080	452080	esta escuelta laboral
452080	454080	pero también contribúan
454080	455080	a un futuro más
455080	456080	sustaino
456080	457080	y equitable
457080	458080	para todo el futuro.
460080	461080	Como siempre
461080	462080	hemos estado prensas
462080	465080	en la escuelta laboral
465080	466580	explorando nuevas
466580	467580	formas de hacer
467580	468080	coden
468080	469080	y marcar
469080	470080	más simple,
470080	471080	más flexibles
471080	472080	y más eficientes.
473580	475080	Y durante este tiempo
475080	476080	hemos nunca perdido
476080	477080	la escuelta laboral
477080	478080	más valiente
478080	480080	de la escuelta laboral.
481080	482080	En otros casos
482080	483080	hemos estado
483080	484080	procurando
484080	485080	soluciones
485080	486080	para encontrar
486080	487080	los desafíos
487080	488080	del futuro.
489080	490080	¡Inteligencia!
500080	501080	High expectations
501080	504080	lead to extraordinary solutions.
505080	507080	Solutions that follow a vision
508080	509080	not a path.
510080	511080	Solutions
511080	513080	that are smarter,
513080	515080	better,
515080	517080	more intelligent.
518080	520080	Our aspiration
520080	521080	is to provide
521080	522080	best possible
522080	523080	customer solutions.
525080	527080	Simplify operation,
528080	530080	ensuring quality,
530080	532080	secure efficiency.
533080	535080	Every lightninger is designed
535080	537080	with this aspiration in mind.
538080	540080	Intelligence.
541080	542080	That's the vision
542080	544080	for which we are pioneers.
548080	550080	This is precisely why we focus
550080	552080	our research and development
552080	554080	activities on intelligence early on.
555080	557080	We were the first in our industry
557080	558080	to do so,
558080	559080	to further expand
559080	561080	our technological leadership.
561080	564080	We invented intelligent technology
564080	565080	and have succeeded
565080	566080	in developing it
566080	568080	into cutting edge products
568080	570080	that really make a difference.
571080	573080	For many years we have been generating
573080	575080	significant customer benefit
575080	578080	thanks to intelligent technology.
578080	580080	Not for the sake of technology,
580080	582080	but technology that delivers
582080	583080	the right solution
583080	585080	when you need them.
585080	587080	Technology that makes coding
587080	588080	and marking easier
588080	590080	and ensures real efficiency
590080	591080	and productivity,
591080	593080	which is what customers
593080	594080	demand and expect
594080	596080	for their day-to-day operations.
598080	599080	Ladies and gentlemen,
599080	600080	once again,
600080	602080	the time has come for us
602080	604080	to take another pioneering step.
605080	607080	We have listened to our customers
607080	608080	very closely.
608080	610080	We have analyzed and understood
610080	611080	what drives them.
612080	614080	We have visited our customers
614080	616080	and tuned into their needs.
617080	619080	We have recognized their challenges.
620080	623080	We have also conducted extensive research
624080	626080	and parallel to all this,
626080	628080	we searched for new technologies
628080	630080	and sent out our engineers
630080	632080	and applicant consultants
632080	634080	on a clear mission
634080	637080	to set an all new standard.
639080	641080	We questioned basically everything
641080	643080	because if you really want
643080	644080	to set a new benchmark,
644080	647080	you must explore new ways of thinking,
647080	649080	thinking outside the box,
649080	651080	looking ahead,
651080	653080	assessing trends,
653080	656080	rejecting wrong paths with courage,
656080	658080	at times, taking detours.
660080	662080	Sometimes it comes down to taking
662080	663080	the good things
663080	665080	and making them even better.
666080	667080	And we have recognized
667080	668080	that to create something
668080	670080	entirely new and better,
670080	673080	we need to focus even more closely
673080	675080	on one very specific topic
675080	677080	in our research and development.
677080	679080	Intelligence.
681080	683080	Real intelligence
683080	686080	that delivers more simplicity,
686080	688080	more efficiency
688080	690080	and more flexibility.
691080	692080	In short,
692080	694080	much more customer benefit
694080	696080	and a lot more excited
696080	698080	inspired customers.
699080	700080	This is exactly
700080	702080	what we have accomplished.
703080	705080	Ladies and gentlemen,
705080	708080	the time has finally come.
708080	710080	Today, here and now,
710080	711080	you will experience
711080	714080	the most intelligent printing technology
714080	716080	in the world.
716080	718080	Experience our new
718080	721080	live-agent coding and marking system,
721080	724080	the new world standard.
735080	738080	www.mooji.org
765080	768080	www.mooji.org
768080	771080	www.mooji.org
771080	774080	www.mooji.org
774080	777080	www.mooji.org
777080	780080	www.mooji.org
780080	783080	www.mooji.org
783080	786080	www.mooji.org
786080	788080	Ladies and gentlemen,
788080	789080	here they are,
789080	791080	the new intelligence coding
791080	794080	and marking systems from the library.
794080	797080	First and only ones of their time,
797080	800080	the new Leibinger IQJet.
800080	804080	This is where tremendous application knowledge
804080	807080	meets the art of engineering.
807080	809080	With the IQJet from Leibinger,
809080	813080	we are introducing an all-new generation
813080	816080	of intelligent coding and marking systems.
816080	819080	And they are geared towards a single goal,
819080	821080	to offer our customers
821080	823080	the greatest possible benefit
823080	825080	in day-to-day use.
825080	827080	Or to put it even more simply,
827080	829080	to offer more than everyone else.
829080	831080	And to us, this means
831080	833080	giving our customers the confidence
833080	835080	that everything is functioning smoothly
835080	837080	around the clock
837080	839080	when coding and marking their products.
839080	842080	Providing our customers with the easiest to use
842080	845080	coding and marking systems available today
845080	848080	to always offer our customers
848080	850080	those cost-effective solutions
850080	852080	for all their applications
852080	854080	to help achieve sustainability goals
854080	856080	by providing the smallest
856080	858080	carbon footprint products
858080	860080	along with a peace of mind
860080	862080	and satisfaction
862080	864080	of no longer having to worry
864080	866080	about coding and marking their products.
866080	868080	With the new Leibinger IQJet,
868080	871080	we have succeeded in achieving that.
871080	874080	So, let's take a closer look
874080	876080	at the IQJet.
876080	878080	So, from the exterior you can
878080	880080	can't help but notice
880080	882080	the streamlined, timeless design
882080	886080	with the large 10.1 inch touch display
886080	888080	and the new print head
888080	890080	which now prints more content
890080	892080	with up to 48 dots
892080	895080	and therefore up to 8 lines of code.
895080	897080	But the real assets
897080	900080	and outstanding features
900080	903080	are on the inside of the new IQJet.
903080	905080	And this is where four intelligent
905080	907080	assistance systems
907080	909080	work together to solve
909080	911080	the major challenges
911080	913080	of coding and marking products.
913080	915080	Not only in a way that is different
915080	917080	ladies and gentlemen, but also
917080	919080	much better than all the others.
919080	921080	So, let me briefly introduce
921080	923080	to you these four
923080	925080	very unique systems,
925080	927080	assistance systems.
927080	929080	First, IQ print.
929080	931080	The plug and print
931080	933080	functionality. Responsible
933080	935080	for everything that guarantees
935080	937080	excellent print quality
937080	939080	and the high availability
939080	941080	of the IQJet at all times.
941080	944080	Second, smart OS.
944080	947080	Responsible for the easy operation
947080	950080	and integration of the IQJet
950080	952080	into the production line.
952080	955080	Third, smart efficiency.
955080	959080	Which ensures the lowest operating costs
959080	961080	in the industry.
961080	963080	And fourth,
963080	965080	smart care.
965080	967080	Which means that you won't
967080	969080	have to maintain the IQJet
969080	971080	for five years.
971080	973080	Yes, you heard me right.
973080	975080	No maintenance for five years,
975080	977080	but more on that later.
977080	980080	So, I will now take a few minutes
980080	982080	to go into detail about each
982080	985080	of the intelligent assistance systems
985080	987080	so that you can understand
987080	990080	the unique technologies behind them.
990080	993080	So, I will start with IQ print.
993080	995080	As mentioned earlier,
995080	997080	this intelligent assistance
997080	999080	is responsible for
999080	1002080	consistently excellent print quality.
1002080	1005080	The quickest start-up times
1005080	1008080	and extremely robust printing technology.
1008080	1011080	IQ print guarantees
1011080	1014080	maximum productivity in day-to-day operation.
1014080	1016080	But, how is this possible?
1016080	1018080	You may ask.
1019080	1022080	The unique nozzle seal
1022080	1024080	not only closes the nozzle,
1024080	1026080	but also the gutter
1026080	1028080	and the entire ink return,
1028080	1030080	sealing them completely airtight.
1030080	1032080	This creates a hydraulic,
1032080	1035080	odd airtight hydraulic circuit,
1035080	1037080	which is the prerequisite
1037080	1039080	for automatic circulation
1039080	1041080	of the ink through the entire system.
1041080	1043080	And it ensures that blockages
1043080	1045080	in the ink circuit or ink drying
1045080	1048080	are virtually impossible.
1048080	1050080	For our customers,
1050080	1052080	this means an exceptionally reliable system
1052080	1055080	that is available to the maps.
1055080	1058080	It starts up quickly when it's needed.
1058080	1060080	There is no ink spitting
1060080	1063080	as commonly experienced with other systems.
1063080	1065080	And perhaps best of all,
1065080	1067080	there is no need to clean
1067080	1069080	or flush the printhead
1069080	1071080	of the ink cycle,
1071080	1074080	as is the case with conventional inkjet printers,
1074080	1077080	neither at start-up or at shutdown.
1077080	1079080	But that's not all.
1079080	1081080	In addition to all these advantages,
1081080	1085080	the new IQ print is also significantly more robust
1085080	1089080	and therefore failsafe for many years to come.
1089080	1092080	The ink circuit closes and opens
1092080	1094080	40% faster than before,
1094080	1098080	so the IQ jet is ready to print even more quickly.
1098080	1101080	This ensures maximum availability
1101080	1104080	and reliability of the IQ jet
1104080	1106080	in its day-to-day use.
1106080	1109080	Of course, the new nozzle sealing technology
1109080	1111080	and automatic ink circulation
1111080	1115080	are also a key to consistent print quality.
1115080	1118080	But IQ jet or IQ print
1118080	1121080	has even more to offer in this regard.
1121080	1124080	The new ink temperature control
1124080	1127080	keeps the ink temperature in the printhead
1127080	1129080	consistently at the right level.
1129080	1131080	At the same time,
1131080	1134080	the viscosity of the ink is precisely controlled,
1134080	1137080	thanks to a separate ink mixing tank
1137080	1140080	with a very small control volume
1140080	1143080	in conjunction with advanced algorithms.
1143080	1146080	Viscosity control is now much more dynamic,
1146080	1148080	much faster and more precise
1148080	1151080	than with any conventional CIJ printer,
1151080	1153080	where viscosity is usually controlled
1153080	1155080	in the large reservoir,
1155080	1157080	control much more sluggish
1157080	1160080	and slower than with the IQ jet.
1160080	1162080	With IQ print,
1162080	1165080	the intelligent ink management system,
1165080	1168080	you no longer have to worry about print quality.
1168080	1172080	The IQ jet prints in the very best quality
1172080	1174080	immediately after start-up.
1174080	1177080	It continues to do so until the end of production
1177080	1179080	or even around the clock.
1179080	1183080	Expensive rejects or complaints are things of the past.
1183080	1187080	This is what we mean by maximum customer benefit
1187080	1191080	and it is precisely why we developed IQ print.
1191080	1195080	So, moving on to the next intelligent
1195080	1199080	assistance function, SMART OS.
1199080	1202080	OS stands for Operating System
1202080	1204080	and this function is responsible
1204080	1208080	for the simple, intuitive operating system
1208080	1211080	as well as the easy integration of the IQ jet
1211080	1214080	into the production environment.
1214080	1217080	Let's take a closer look.
1217080	1219080	The new IQ jet is operated
1219080	1224080	via a large, high-resolution 10.1-inch touch display.
1224080	1227080	The capacitive touch technology
1227080	1229080	enables the same operability
1229080	1231080	you benefit from with a smartphone,
1231080	1235080	i.e. with easy swiping, dragging, dropping, or zooming.
1235080	1238080	The display is very responsive,
1238080	1241080	it is promptly reacting to any finger touch.
1241080	1244080	When developing the operating concept
1244080	1248080	we were inspired by state-of-the-art standards
1248080	1252080	in design thinking and in user-centered design.
1252080	1255080	It is intuitively simple
1255080	1258080	and offers quick access to all key functions
1258080	1261080	and data at all times.
1261080	1264080	All essential information is clearly displayed
1264080	1266080	on the home screen
1266080	1268080	and this means that the operator
1268080	1271080	normally has no need to change the menu
1271080	1274080	and can always work in the familiar home screen.
1274080	1278080	The large, color-coordinated operating elements
1278080	1282080	make it easy to read the current status of the IQ jet.
1282080	1284080	The new remote screening
1284080	1287080	is a case-dependent screensaver
1287080	1290080	that displays the current status of the IQ jet
1290080	1293080	and the product counters in full-screen mode
1293080	1296080	working according to the traffic light principle
1296080	1298080	like a signal map.
1298080	1301080	Green indicates that the IQ jet is running,
1301080	1304080	red the IQ jet has a malfunction
1304080	1307080	and blue the IQ jet is paused.
1307080	1310080	This makes it easy to see everything that is important
1310080	1312080	even from a distance
1312080	1316080	saving operators a few trips back and forth.
1316080	1318080	The central menu
1318080	1320080	in the lower part of the display
1320080	1322080	with only five icons
1322080	1325080	is used for general navigation.
1325080	1328080	From there you can access all main functions
1328080	1331080	and return to the previous menu at any time.
1331080	1335080	This makes it easy to find all relevant content
1335080	1338080	and functions.
1338080	1340080	The print job editor
1340080	1343080	has also been improved in great detail.
1343080	1346080	Numerous design or numerous templates
1346080	1349080	and design functions are now available.
1349080	1352080	This allows you to create print jobs
1352080	1354080	tailored to your specific needs
1354080	1356080	in no time at all
1356080	1359080	and to start them simply by the touch of a button.
1359080	1363080	And if an operating function is not quite clear to you,
1363080	1366080	Smart OS offers so-called tool tips
1366080	1370080	or also known as mouseovers or quick info.
1370080	1372080	So the tool tip appears
1372080	1374080	when the finger remains motionless
1374080	1377080	for a short time on the respective element
1377080	1381080	and provides a brief description of the function.
1381080	1384080	Our operating philosophy is very simple.
1384080	1388080	We want anyone to be able to work with our IQJet
1388080	1392080	without the need for manual or operator training.
1392080	1396080	So Smart OS ensures even more operating reliability
1396080	1399080	with myDisplay.
1399080	1403080	MyDisplay allows you to adapt the operations
1403080	1406080	specifically to the needs of the respective user
1406080	1408080	with just a few clicks
1408080	1410080	all the required settings are made
1410080	1414080	and the user only sees what he or she really needs
1414080	1417080	to complete his or her specific tasks
1417080	1420080	for instance changing the print job.
1420080	1423080	Everything else is simply hidden.
1423080	1425080	MyDisplay is a great tool
1425080	1430080	that helps to virtually eliminate operating errors.
1430080	1434080	No less important when investing in a coding and marking system
1434080	1437080	is ease with which it can be integrated
1437080	1439080	into the production environment.
1439080	1443080	Here too Smart OS has a lot to offer.
1443080	1446080	The IQJet features a signal monitor
1446080	1451080	for the clear display of all input and output signals
1451080	1455080	as well as a signal simulation function.
1455080	1459080	So this valuable signal visualization tool
1459080	1461080	for all input and output
1461080	1464080	makes it easy to integrate the IQJet
1464080	1465080	into a production line.
1465080	1468080	For example signals wired to the inputs
1468080	1469080	can be visualized
1469080	1471080	and you can immediately see
1471080	1473080	whether a signal is present or not.
1473080	1476080	This means that correct wiring
1476080	1480080	and signal reliability can be quickly checked.
1480080	1484080	Moreover output signals can also be temporarily set
1484080	1487080	by the IQJet to test the external wiring
1487080	1491080	without the need for a multimeter
1491080	1494080	or oscilloscope.
1494080	1496080	The integrated PLC,
1496080	1499080	the Programmable Logic Controller
1499080	1500080	is also new.
1500080	1503080	It enables the convenient linking
1503080	1506080	of input signals via drag and drop.
1506080	1509080	All this without requiring any programming knowledge
1509080	1512080	and without additional external hardware
1512080	1515080	or extra wiring work.
1516080	1518080	With the integrated PLC,
1518080	1521080	printer functions and peripheral devices
1521080	1524080	can be triggered or controlled individually
1524080	1529080	depending on input or output signals.
1529080	1534080	The OPC-UA interface is also available
1534080	1535080	from now on.
1535080	1539080	OPC-UA is considered the interface standard
1539080	1541080	for industry 4.0.
1541080	1543080	The OPC-UA
1543080	1545080	detailed process data
1545080	1548080	from a wide variety of machine control types
1548080	1550080	can be read, displayed
1550080	1553080	and analyzed in real time.
1553080	1555080	Traditional communication barriers
1555080	1557080	are now in the past.
1557080	1559080	Today virtually all PLC,
1559080	1562080	machine and control manufacturers
1562080	1564080	support this standard.
1564080	1566080	So connecting new production equipment
1566080	1568080	no longer takes days
1568080	1573080	but is usually carried out in less than an hour.
1573080	1575080	Integrating the printhead
1575080	1577080	into a production line
1577080	1579080	is also made easier than ever
1579080	1582080	thanks to the new bus-based communication
1582080	1584080	in the IQJET.
1584080	1586080	The printhead umbilical
1586080	1589080	is more flexible and adaptable.
1589080	1591080	This means that even the tightest
1591080	1593080	installation conditions are no longer a problem
1593080	1595080	and the printhead can be placed
1595080	1597080	in optimal position
1597080	1600080	within the manufacturing process.
1600080	1603080	So let me summarize all the key features
1603080	1607080	of the intelligent SMART OS function.
1607080	1610080	SMART OS makes operating the IQJET
1610080	1614080	simple, fast and absolutely reliable.
1614080	1617080	Any possible user operating errors
1617080	1619080	are reduced to a minimum.
1619080	1622080	All important functions are clearly organized
1622080	1625080	and selected without time-consuming navigation
1625080	1627080	in the operating menu.
1627080	1630080	The IQJET can be operated by anyone
1630080	1632080	right from the work-go.
1632080	1634080	There is no need for user training.
1634080	1637080	A big advantage is the simple integration
1637080	1641080	of the IQJET into any production environment.
1641080	1643080	Many available interfaces
1643080	1645080	and an integrated PLC
1645080	1647080	make everything quicker and easier
1647080	1649080	than ever before.
1649080	1651080	And when the IQJET is fully connected
1651080	1653080	you can test everything with the help
1653080	1655080	of the signal monitor
1655080	1658080	and the system is ready to go into operation.
1658080	1660080	Complicated was yesterday
1660080	1664080	and today is all about ease of use.
1664080	1666080	And this is exactly what we mean
1666080	1670080	by unmatched customer benefit.
1670080	1672080	So let's turn our attention
1672080	1675080	to the third intelligent assistant.
1675080	1678080	SMART EFFICIENCY.
1678080	1680080	SMART EFFICIENCY
1680080	1682080	ensures that the operating costs
1682080	1683080	of the IQJET
1683080	1686080	are reduced to an absolute minimum.
1686080	1689080	That resources and the environment
1689080	1690080	are respected
1690080	1692080	and that the user's well-being
1692080	1694080	is taken care of.
1694080	1697080	Let me show you how all this is possible.
1697080	1700080	With the integrated solvent recovery
1700080	1702080	evaporated solvent is condensed
1702080	1704080	from the mixing tank
1704080	1706080	and the ink return line
1706080	1708080	recovered back into the system.
1708080	1710080	SMART EFFICIENCY
1710080	1713080	also includes a one-of-a-kind eco mode.
1713080	1715080	The additional savings effects
1715080	1717080	made possible by this unique functionality
1717080	1718080	of the IQJET
1718080	1720080	should not be underestimated.
1720080	1722080	And Leibinger is the only one
1722080	1724080	who could offer this functionality.
1724080	1728080	Think of it like the engine start-stop functionality
1728080	1731080	that is now included on almost all cars.
1731080	1734080	When the IQJET is not in use
1734080	1737080	the ink circuit closes automatically
1737080	1739080	after a predetermined time.
1739080	1742080	This means that no solvent can evaporate
1742080	1744080	and escape into the environment.
1744080	1746080	SMART EFFICIENCY reduces
1746080	1749080	solvent consumption by up to 50%.
1749080	1751080	And this of course has a direct
1751080	1753080	and very positive impact
1753080	1755080	on operating costs.
1755080	1758080	Also, significantly less solvent
1758080	1760080	is released into the environment
1760080	1762080	for much better working conditions
1762080	1764080	and the best possible protection
1764080	1767080	of employee health and well-being.
1767080	1769080	SMART EFFICIENCY
1769080	1772080	not only minimizes solvent consumption
1772080	1776080	but it also saves a considerable amount of energy.
1776080	1778080	All components of the IQJET
1778080	1782080	are designed for lowest energy consumption.
1782080	1785080	The intelligently controlled pump
1785080	1787080	plays a major role here
1787080	1790080	as it is only operated intermittently.
1790080	1793080	Unlike conventional printers
1793080	1795080	where the pump runs continuously
1795080	1798080	with the IQJET it only switches on briefly
1798080	1800080	to fill a pressure tank.
1800080	1802080	This reduces the energy consumption
1802080	1804080	of the pump to a minimum
1804080	1808080	and it also maximizes the durability of the pump.
1808080	1811080	Thanks to SMART EFFICIENCY
1811080	1815080	the IQJET consumes only 36 watts on average.
1815080	1819080	Conventional printers need many times that.
1819080	1822080	The IQJET boasts the lowest energy consumption
1822080	1824080	on the market.
1824080	1828080	Now, moving on to our entirely new cartridge system
1828080	1831080	and I can rightly say
1831080	1834080	the best cartridge system in our industry.
1834080	1836080	Why?
1836080	1838080	Because no other system is easier,
1838080	1841080	no other system is quicker to replace
1841080	1845080	and no other system saves as much anything.
1845080	1850080	The new XXL cartridges can hold 950 milliliters
1850080	1855080	which means very large refills of ink and solvent.
1855080	1858080	If necessary, the quick loading system
1858080	1860080	allows the cartridges to be inserted
1860080	1862080	without getting mixed up.
1862080	1864080	This means that the ink and solvent cartridges
1864080	1868080	can only fit into the respective refill slot.
1868080	1871080	The type of consumable is also automatically checked
1871080	1874080	for consistency before refilling
1874080	1879080	and the operator is warned of any incorrect filling.
1879080	1881080	Thanks to the front access
1881080	1884080	and the special cartridge design
1884080	1887080	refilling the IQJET is quicker, easier
1887080	1889080	and more convenient than ever
1889080	1894080	and of course also during ongoing printing operation.
1894080	1898080	As mentioned earlier, changing cartridges is very easy
1898080	1901080	but to make it possible for anyone to do it
1901080	1904080	without training and interactive assistant
1904080	1908080	guides the operator through the process step by step.
1908080	1910080	Another new feature is that the cartridges
1910080	1914080	can be reordered via the integrated shop system
1914080	1918080	and added convenience in day-to-day operation.
1918080	1920080	Once the cartridges have been inserted,
1920080	1923080	the fluid is immediately emptied
1923080	1926080	into the internal storage tanks.
1926080	1930080	This extends the reserve runtimes to up to 50 hours
1930080	1933080	enough time to order consumables
1933080	1936080	even after the refill message on the display.
1936080	1941080	When I say emptied, I mean totally emptied.
1941080	1944080	Unlike most conventional CIG printers
1944080	1948080	where considerable amounts of ink remain in the cartridges,
1948080	1953080	our XXL cartridges empty down to the last drop of ink.
1953080	1957080	This saves money and the cartridges can simply be disposed of
1957080	1959080	in the residual waste,
1959080	1964080	otherwise it becomes expensive hazardous waste.
1964080	1966080	I'd like to summarize what makes
1966080	1971080	the smart efficiency intelligence assistance function so unique.
1971080	1975080	Smart efficiency saves our customers money every day.
1975080	1980080	The IQJETs operating costs are the lowest in the industry,
1980080	1984080	up to 50% less solvent consumption,
1984080	1986080	low energy costs,
1986080	1988080	and, very importantly,
1988080	1990080	the environment and the operator are protected
1990080	1993080	to the greatest possible extent.
1993080	1995080	Moreover, the new cartridge system
1995080	1999080	saves a lot of ink due to complete emptying
1999080	2001080	and the reserve runtimes of consumables
2001080	2004080	are an incredible 50 hours.
2004080	2007080	I don't like repeating myself, but I will anyway.
2007080	2012080	This is what we mean by maximum customer benefit.
2013080	2017080	We have talked about reducing operating costs to a minimum.
2017080	2022080	Now I would like to move on to the last of the four intelligent functions.
2025080	2027080	Thanks to smart care,
2027080	2034080	the new Leibinger IQJET needs no maintenance for five years.
2034080	2041080	That means five years printing, printing, printing with no maintenance.
2041080	2046080	This is achieved thanks to many technical innovations,
2046080	2048080	such as the new housing
2048080	2052080	with the increased protection against water and dust as standard,
2052080	2057080	use of the most durable and high quality components,
2057080	2060080	the new printhead with its precision parts
2060080	2063080	manufactured in the Leibinger production facilities
2063080	2066080	down to micron accuracy,
2066080	2071080	and the most intelligent hydraulic ink circulation system,
2071080	2077080	which ensures a much longer service life for the print pump and other components.
2077080	2082080	In addition, smart care offers the fully automated printhead refresh
2082080	2084080	at the touch of the button.
2084080	2088080	It removes ink related contamination from the printhead,
2088080	2091080	which could occur in extreme customer applications,
2091080	2096080	and it maintains the printhead in a safe and clean manner.
2096080	2101080	A fine spray solvent is directed from the gutter
2101080	2104080	to specific locations in the printhead.
2104080	2109080	The ink gutter moves up and down to remove any impurities.
2109080	2113080	Afterwards, a complete automatic drying takes place
2113080	2117080	and everything is impeccably clean and dry
2117080	2120080	without requiring any manual intervention
2120080	2124080	and without the operator coming into contact with cleaning fluid.
2124080	2127080	That is absolutely unique.
2127080	2132080	And when it's finally time for maintenance after five years,
2132080	2136080	customers are free to do it themselves if they wish.
2136080	2141080	Do it yourself or DIY maintenance is the catch word here.
2141080	2144080	And if we say this, we actually mean it.
2145080	2149080	Step by step, the operator is shown on the display
2149080	2151080	what they have to do.
2151080	2154080	Even unskilled workers can carry out the maintenance.
2154080	2157080	No special tools are necessary.
2157080	2162080	Yes, maintenance can be this easy with the IQJet.
2162080	2167080	Our customers greatly benefit from zero waiting times
2167080	2170080	for customer service, better planning,
2170080	2175080	and ultimately a real plus in production time.
2175080	2179080	Ladies and gentlemen, these four intelligent functions
2179080	2183080	make the IQJet the coding and marking system
2183080	2187080	with the lowest operating costs in the industry.
2187080	2190080	Let me give you a tangible example.
2190080	2193080	A manufacturer in the FMCG sector
2193080	2196080	with 5,000 production hours per year
2196080	2198080	and 400 prints per minute
2198080	2200080	with 20-character prints,
2200080	2202080	a typical application,
2202080	2207080	saves more than 1,360 euros in the first year alone.
2207080	2209080	Within eight years,
2209080	2212080	this adds up to almost 11,000 euros saved
2212080	2215080	compared to conventional Cij printers.
2215080	2218080	This makes the IQJet ideally suited
2218080	2221080	for cost-sensitive applications,
2221080	2223080	such as in the food and beverage sector
2223080	2226080	or in the FMCG segment in general.
2227080	2231080	It is the most versatile, cost-effective,
2231080	2236080	productive and durable coding and marking system in the world.
2236080	2239080	Finally, a coding and marking system
2239080	2242080	that gives customers consistent performance
2242080	2244080	without any intervention.
2244080	2248080	You install it and you almost forget.
2248080	2250080	Plug and print five years,
2250080	2255080	no maintenance in simply printing, printing, printing.
2255080	2258080	This is exactly what the four new
2258080	2260080	intelligent technologies were designed for
2260080	2263080	and what they guarantee.
2263080	2266080	Last but certainly not least,
2266080	2268080	I would like to briefly highlight
2268080	2271080	Liveanger Connect.
2271080	2276080	When the IQJet is connected to Liveanger Connect,
2276080	2278080	everything becomes easier
2278080	2281080	and, above all, even more efficient.
2281080	2283080	With Liveanger Connect,
2283080	2285080	the user is always well-informed
2285080	2288080	and has everything important in view,
2288080	2291080	whether the IQJet's current status,
2291080	2294080	previews of required actions such as
2294080	2297080	refill ink, the reach of consumables
2297080	2299080	or even the production output.
2299080	2303080	All information is displayed simply and clearly.
2303080	2306080	This also helps users react at an early stage
2306080	2308080	so that the production line does not come
2308080	2311080	to an unwanted standstill in the first place.
2311080	2315080	If wanted, the user can also be kept up to date
2315080	2317080	via push message, for example,
2317080	2319080	in the event of a malfunction.
2319080	2322080	In addition, historical data helps
2322080	2325080	identify and leverage any potential
2325080	2327080	for production optimization.
2327080	2330080	The modern cloud system is the
2330080	2332080	high performance platform
2332080	2335080	for all connected Liveanger printing systems,
2335080	2337080	regardless of whether they are connected
2337080	2340080	via LAN or cellular network.
2340080	2341080	Y, if required,
2341080	2345080	service partners can also be easily integrated.
2345080	2348080	They can access the IQJet data remotely
2348080	2350080	and provide targeted support
2350080	2353080	on all important service issues.
2353080	2356080	The use of Liveanger Connect
2356080	2360080	increases the productivity and efficiency
2360080	2363080	of all connected printers in day to day use
2363080	2366080	and provides the additional certainty
2366080	2369080	that everything is under control.
2369080	2371080	Ladies and gentlemen,
2371080	2373080	I'm at the end of my presentation
2373080	2375080	and now I hope you enjoy
2375080	2377080	our new product video.
2377080	2379080	Thank you very much.
2393080	2397080	Every great idea begins with a clear starting point.
2397080	2400080	Here lies the power of change,
2400080	2403080	of innovation.
2403080	2406080	A thought begins its journey,
2406080	2409080	simple and ingenious.
2409080	2415080	And the unimaginable becomes reality.
2415080	2417080	Time and time again,
2417080	2419080	we at Liveanger challenge the conventions
2419080	2421080	of an entire industry
2421080	2423080	and create solutions that are simpler,
2423080	2426080	smarter, more intelligent.
2426080	2429080	Introducing the new IQJet,
2429080	2431080	the very first intelligent coding
2431080	2433080	and marketing system worldwide.
2433080	2436080	Trouble-free printing guaranteed.
2436080	2437080	No matter what shape,
2437080	2440080	no matter what surface.
2443080	2445080	With IQ Print,
2445080	2448080	the most intelligent ink management.
2448080	2449080	When not in use,
2449080	2451080	IQ Print automatically closes
2451080	2452080	the print nozzle
2452080	2454080	and lets the ink continue to circulate.
2454080	2456080	No dry out, no clogging.
2456080	2458080	Also thanks to Liveanger's
2458080	2460080	unique print and refresh function
2460080	2461080	which removes impurities
2461080	2463080	at the press of a button.
2463080	2465080	IQ Print ensures instant start-up
2465080	2466080	every time
2466080	2468080	and stable, high-quantity printing.
2468080	2471080	Easy to use with Smart OS,
2471080	2474080	the IQJet's intuitive operating concept,
2474080	2476080	individually adjustable
2476080	2479080	and clearly visible.
2479080	2481080	Printing has never been this easy
2481080	2483080	or this cost-effective
2483080	2485080	because Smart Efficiency
2485080	2487080	minimizes not only your energy consumption,
2487080	2489080	it also achieves up to 50%
2489080	2491080	salt and recovery,
2491080	2493080	protecting your health and the environment
2493080	2496080	and saving money.
2496080	2499080	Just like the XXL cartridges,
2499080	2500080	they are quickly replaced
2500080	2503080	and emptied down to the last drop.
2503080	2504080	And finally,
2504080	2507080	we're introducing Smart Care,
2507080	2511080	printing 5 years without maintenance.
2511080	2514080	The new IQJet.
2514080	2519080	Intelligence on point.
2527080	2529080	Good afternoon everybody.
2529080	2531080	My name is Christophe Lopez.
2531080	2532080	I joined Liveanger
2532080	2534080	as Chief Commercial Officer
2534080	2536080	at the beginning of March.
2536080	2538080	I'm really happy to be here today
2538080	2540080	to be able to meet you
2540080	2543080	our customers and our partners.
2543080	2545080	I've made many appointments
2545080	2546080	with many of you,
2546080	2548080	but if this is not the case,
2548080	2550080	don't hesitate to reach out to me.
2550080	2551080	If you want to talk,
2551080	2553080	I'll be more than happy to share
2553080	2555080	and spend time with you.
2555080	2557080	I've been in the marketing and coding industry
2557080	2559080	for nearly 15 years,
2559080	2562080	including 12 years with Marketing Match,
2562080	2565080	where I held a multiple executive position
2565080	2567080	in sales and marketing,
2567080	2569080	as well as general management
2569080	2572080	of the main site in France.
2572080	2573080	Before that,
2573080	2575080	I was already in the industry
2575080	2577080	working for Everyday Nissan
2577080	2579080	and Honeywell.
2579080	2581080	I decided to join Liveanger
2581080	2584080	because it is structurally different
2584080	2586080	from the rest of the competitors,
2586080	2589080	being a private company
2589080	2591080	with strong values
2591080	2594080	and a great innovative mindset.
2594080	2596080	I really see great potential
2596080	2598080	for development in the coming years.
2598080	2600080	I can also tell you
2600080	2602080	that being part of the company now,
2602080	2604080	I'm even more impressed
2604080	2606080	about the people, the technology
2606080	2608080	and the mindset.
2608080	2610080	I'm particularly impressed
2610080	2612080	by how Liveanger
2612080	2615080	is changing the game in CIG.
2615080	2617080	CIG is a great technology
2617080	2620080	when it was invented 40 years ago.
2620080	2622080	It rechained the game
2622080	2625080	at the time in the marketing and coding industry
2625080	2629080	by allowing the printing of valuable data
2629080	2631080	on a large variety of substrates
2631080	2633080	at high production speeds.
2633080	2635080	That was a revolution
2635080	2637080	to guarantee the trustability
2637080	2639080	and the freshness of products.
2639080	2641080	The issue of CIG
2641080	2643080	from the start
2643080	2645080	was that it was a complex
2645080	2648080	and not very reliable technology.
2648080	2651080	Printers would eventually not start
2651080	2653080	or would stop unexpectedly
2653080	2656080	o would spilling on the floor
2656080	2658080	and quality of prints
2658080	2660080	would vary over time.
2660080	2663080	It would also be quite costly to operate
2663080	2665080	using large quantities of fluid
2665080	2668080	and a lot of spare parts.
2668080	2671080	The main CIG manufacturers
2671080	2673080	tried to solve these problems
2673080	2676080	by implementing incremental enhancement
2676080	2678080	to reduce these issues
2678080	2680080	but none of them really addressed
2680080	2682080	the problem at the core
2682080	2685080	and instead they deployed armies of technicians
2685080	2689080	to maintain and repair the machines.
2689080	2691080	But this is history now
2691080	2694080	with the launch of IQChat.
2694080	2697080	How would you, customers and partners
2697080	2699080	define the ultimate
2699080	2703080	marking and coding machine?
2703080	2706080	I believe whether you are a production manager,
2706080	2709080	a quality manager, maintenance manager,
2709080	2711080	even a finance manager
2711080	2714080	what you want is one single thing.
2714080	2717080	You want a printer that you install easily
2717080	2719080	and then that will print seamlessly
2719080	2723080	as needed without having to intervene.
2723080	2728080	You install it and you almost forget it.
2728080	2732080	Productivity and low operating cost.
2732080	2736080	Albert Einstein said the definition of genius
2736080	2738080	is taking the complex
2738080	2740080	and making it simple.
2740080	2742080	IQChat is the first printer
2742080	2744080	that is really changing the game
2744080	2746080	since the invention of CIG
2746080	2748080	based on two unique features
2748080	2750080	which are simple to understand
2750080	2755080	and yet extremely complex to implement.
2755080	2757080	The number one concept
2757080	2759080	is that the head is sealed.
2759080	2763080	Let me take an image.
2763080	2768080	Look at that kind of paint.
2768080	2770080	If it's sealed,
2770080	2773080	it can stay perfect for many years
2773080	2777080	but just open the trap
2777080	2780080	and it will dry in only a few hours.
2780080	2782080	With live in your IQChat,
2782080	2784080	the ink will never dry
2784080	2787080	and the viscosity will stay stable
2787080	2793080	allowing perfect operation in all conditions.
2793080	2797080	I would like to take a second image.
2797080	2800080	This is what I call the balloon concept.
2800080	2804080	The way the in-circuit works in IQChat
2804080	2807080	is that you inflate once
2807080	2810080	and then you just need to bring a small quantity of air
2810080	2813080	to keep it inflated over time.
2813080	2816080	That means that the entire system
2816080	2819080	is working only a small fraction of the time
2819080	2823080	and why the reliability of IQChat is unmatched.
2823080	2825080	The competitor's machine,
2825080	2827080	even the most recent ones,
2827080	2829080	are continuously pumping
2829080	2832080	to maintain pressure in the in-circuit
2832080	2834080	and therefore their printers
2834080	2837080	are going to fail early.
2837080	2840080	Whatever they say or whatever they do.
2840080	2842080	With these two principles,
2842080	2844080	the IQChat printer redefines
2844080	2847080	the market standards for reliability
2847080	2850080	and autonomy in marking and coding.
2850080	2853080	Its unique disruptive design
2853080	2856080	will transform the industry's experience
2856080	2859080	working with CIG.
2859080	2861080	100% clean,
2861080	2864080	seamless start and stops,
2864080	2867080	5-year operation
2867080	2869080	without schedule maintenance
2869080	2872080	and un parallel cost of a machine.
2872080	2874080	Plug and print,
2874080	2877080	the ultimate printing machine.
2877080	2880080	This is the CIG we invented.
2880080	2882080	And now I would like to introduce
2882080	2884080	Christophe Orish,
2884080	2886080	our director of sales EMEA
2886080	2888080	and HAPAC,
2888080	2891080	that will tell you how we plan to work together with you
2891080	2893080	to turn this great innovation
2893080	2896080	into a huge commercial success.
2896080	2899080	Thank you very much.
2899080	2902080	Gracias, Christophe.
2902080	2905080	Good afternoon, ladies and gentlemen.
2905080	2908080	Now that you have seen the smartest coding
2908080	2910080	and marking system in the industry,
2910080	2913080	please give me the chance to talk to you
2913080	2916080	about the go-to-market strategy for this product
2916080	2918080	and some relevant tools
2918080	2921080	that will help you expand your business success
2921080	2924080	together with the Lighting On.
2924080	2927080	For us, the introduction of the completely new platform
2927080	2930080	represents an important milestone,
2930080	2933080	a massive technological step
2933080	2936080	with strategic importance.
2936080	2938080	And to this extent,
2938080	2941080	we would like you to benefit from the IQChat
2941080	2944080	as a partner and customer.
2944080	2946080	With the IQChat,
2946080	2948080	we will, on the one hand,
2948080	2951080	address existing, convinced customers,
2951080	2954080	as well as penetrate new markets
2954080	2958080	to sustainably grow our market share.
2958080	2961080	With its competitive price point
2961080	2965080	and in combination with the exceptionally low operating cost,
2965080	2968080	the IQChat is the ideal coding marking system
2968080	2971080	for a very broad range of applications
2971080	2976080	in virtually all segments of modern manufacturing.
2976080	2978080	With this in mind,
2978080	2980080	we would be working with you
2980080	2982080	to target new customer segments
2982080	2985080	and communicate the IQChat benefit message
2985080	2988080	with high-level impact.
2988080	2991080	We have started worldwide marketing activities
2991080	2993080	as of immediately,
2993080	2995080	and we are supporting this process
2995080	2998080	by professional communication measures.
2998080	3001080	This means stepping up social media communication
3001080	3003080	and newsletters,
3003080	3006080	participating in trade fairs around the globe,
3006080	3009080	international PR work,
3009080	3012080	benefit-focused campaigns and promotions,
3012080	3015080	a key account customer roadshow,
3015080	3017080	and, last but not least,
3017080	3023080	we will be going after our potential customers directly.
3023080	3026080	We also have attractive point-of-sale packages
3026080	3028080	ready for you,
3028080	3030080	as well as in brochures, data sheets,
3030080	3032080	and website content, of course,
3032080	3036080	which you can easily integrate into your website.
3036080	3040080	So, everything you need to successfully introduce
3040080	3043080	the IQChat is now available.
3043080	3048080	Of course, we are relying on you, our partners.
3048080	3050080	Because only together with you
3050080	3052080	will we be able to drive the marketing
3052080	3054080	of the IQChat forward,
3054080	3057080	and we will be supporting you wherever necessary
3057080	3062080	so that we can achieve these goals together.
3062080	3065080	We will begin training your sales teams immediately
3065080	3068080	so that they can effectively communicate
3068080	3071080	the many benefits of the IQChat.
3071080	3073080	We will also train your service staff
3073080	3075080	to ensure that the installation
3075080	3077080	and predictive maintenance of the IQChat
3077080	3080080	runs smoothly.
3080080	3082080	We will be letting you know today
3082080	3086080	when the training sessions will be held.
3086080	3088080	Right after this event,
3088080	3091080	you will also find out the exact price positioning
3091080	3093080	of the IQChat.
3093080	3095080	At the same time,
3095080	3097080	the price point is extremely attractive,
3097080	3099080	and when you consider the fact
3099080	3101080	that the IQChat has the lowest operating costs
3101080	3103080	in the industry
3103080	3105080	and includes many useful functions,
3105080	3109080	the package really is unbeatable.
3109080	3112080	Overall, a completely new benchmark
3112080	3116080	for total cost of ownership.
3116080	3118080	So, let me now briefly explain
3118080	3121080	what's next on today's agenda.
3121080	3123080	Following the presentation,
3123080	3125080	our complete team will be available
3125080	3129080	to answer any questions you may still have.
3129080	3131080	Of course, you will also have an opportunity
3131080	3133080	to experience the new IQChat,
3133080	3135080	the new marketing materials,
3135080	3138080	and much more life.
3138080	3140080	We have set up a small marketplace
3140080	3144080	in this room and in the adjoining room.
3144080	3146080	The various market stations
3146080	3148080	cover different relevant subjects
3148080	3151080	of the market launch of the IQChat.
3151080	3154080	You will receive more technical information,
3154080	3156080	general product information,
3156080	3158080	as well as marketing information.
3158080	3160080	A detailed marketplace guide,
3160080	3162080	including a map,
3162080	3164080	showing the different stations
3164080	3166080	is available at both sides
3166080	3169080	exit of this room.
3169080	3171080	So, everything that is required
3171080	3173080	for a successful launch.
3173080	3175080	Of course, you can also try out
3175080	3177080	the IQChat yourself
3177080	3180080	and familiarize with it.
3180080	3182080	Some refreshments and finger food
3182080	3184080	will be available for you there
3184080	3186080	and we will start serving those
3186080	3189080	in a couple of minutes.
3189080	3191080	In the further course,
3191080	3193080	we will have the main course buffet
3193080	3195080	set up around 4.30 pm
3195080	3197080	and we should not miss
3197080	3200080	the additional surprise afterwards.
3200080	3202080	So, we really look forward
3202080	3204080	to spending a few more hours
3204080	3206080	to celebrate this important milestone
3206080	3209080	and with food, drinks, music
3209080	3212080	and lively conversations.
3212080	3214080	We are very much looking forward
3214080	3216080	to sharing ideas with you
3216080	3218080	at our marketplace on the product,
3218080	3220080	the business and beyond.
3220080	3222080	So, finally, thank you very much
3222080	3224080	for your attention.
